<?xml version="1.0" encoding="UTF-8" standalone="yes"?>
<addon id="repository.grindhousekodi" name="Grindhouse Repository" version="1.5" provider-name="Grindhouse">
	<extension point="xbmc.addon.repository" name="Grindhouse">
		<dir>
			<info compressed="false">http://grindhousekodi.tk/grindhouse/repo/addons.xml</info>
			<checksum>http://grindhousekodi.tk/grindhouse/repo/addonsmd5.txt</checksum>
			<datadir zip="true">http://grindhousekodi.tk/grindhouse/repo/</datadir>
		</dir>
		<dir>
		<info compressed="false">https://raw.githubusercontent.com/totalrevolution/python-koding/master/zips/addons.xml</info>	
		<checksum>https://raw.githubusercontent.com/totalrevolution/python-koding/master/zips/addons.xml.md5</checksum>
		<datadir zip="true">https://raw.githubusercontent.com/totalrevolution/python-koding/master/zips/</datadir>
	</dir>
	<dir>
        <info compressed="false">https://raw.githubusercontent.com/teamuniversal/scrapers/master/_modules4all/zips/addons.xml</info>
        <checksum>https://raw.githubusercontent.com/teamuniversal/scrapers/master/_modules4all/zips/addons.xml.md5</checksum>
        <datadir zip="true">https://raw.githubusercontent.com/teamuniversal/scrapers/master/_modules4all/zips/</datadir>
    </dir>
	</extension>
	<extension point="xbmc.addon.metadata">
		<summary lang="en"></summary>
		<description lang="en">Grindhouse Repo</description>
		<genre>usa</genre>
	</extension>
</addon>