<?xml version="1.0" encoding="UTF-8" standalone="yes"?>
<addon id="repository.darkmedia" name="DarkMedia Repo" version="3.0" provider-name="DarkMedia">
	<extension point="xbmc.addon.repository" name="DarkMedia">
		<dir>
			<info compressed="false">https://raw.githubusercontent.com/totalrevolution/python-koding/master/zips/addons.xml</info>
			<checksum>https://raw.githubusercontent.com/totalrevolution/python-koding/master/zips/addons.xml.md5</checksum>
			<datadir zip="true">https://raw.githubusercontent.com/totalrevolution/python-koding/master/zips/</datadir>
		</dir>
		<info compressed="false">https://raw.githubusercontent.com/darkmedia123/repository.darkmedia/master/zips/addons.xml</info>
		<checksum>https://raw.githubusercontent.com/darkmedia123/repository.darkmedia/master/zips/addons.xml.md5</checksum>
		<datadir zip="true">https://raw.githubusercontent.com/darkmedia123/repository.darkmedia/master/zips/</datadir>
	</extension>
	<extension point="xbmc.addon.metadata">
		<summary lang="en">DarkMedia Repo</summary>
		<description lang="en">DarkMedia Repo</description>
		<genre></genre>
	</extension>
</addon>