<?xml version="1.0" encoding="UTF-8"?>
<addon
  id="pvr.Darkmediaandroid"
  version="1.5"
  name="DarkMedia PVR - Android"
  provider-name="DarkMedia">
  <requires>
<import addon="kodi.binary.global.main" version="1.0.13"/>
<import addon="kodi.binary.instance.pvr" version="5.10.3"/></requires>
  <extension
    point="xbmc.pvrclient"
    library_android="libpvr.iptvsimple.so"/>
  <extension point="xbmc.addon.metadata">
    
    <summary lang="en_AU">DarkMedia PVR Android</summary>
    <summary lang="en_GB">DarkMedia PVR Android</summary>
    <summary lang="en_NZ">DarkMedia PVR Android</summary>
    <summary lang="en_US">Darkmedia PVR Android</summary>
    <platform>android-aarch64</platform>
  </extension>
</addon>
