<?xml version="1.0" encoding="UTF-8"?>
<addon
  id="pvr.DarkMedia"
  version="1.1"
  name="DarkMedia PVR"
  provider-name="DarkMedia">
  <requires>
<import addon="kodi.binary.global.main" version="1.0.13"/>
<import addon="kodi.binary.instance.pvr" version="5.10.3"/></requires>
  <extension
    point="xbmc.pvrclient"
    library_windows="pvr.iptvsimple.dll"/>
  <extension point="xbmc.addon.metadata">
    
    <summary lang="en_AU">DarkMedia PVR</summary>
    <summary lang="en_GB">DarkMedia PVR</summary>
    <platform>windows-x86_64</platform>
  </extension>
</addon>
